{
  "lang": "Fr",
  "shelves": "Étagères",
  "drawers": "Tiroirs",
  "hooks": "Crochets",
  "gunHolders": "Supports d'armes",
  "innerHeight": "Hauteur intérieure",
  "outerHeight": "Hauteur extérieure",
  "innerWidth": "Largeur intérieure",
  "outerWidth": "Largeur extérieure",
  "innerDepth": "Profondeur intérieure",
  "outerDepth": "Profondeur extérieure",
  "counting": "Comptage",
  "Clear": "Effacer",
  "Search by Fire resistance": "Rechercher par résistance au feu",
  "Search by Burglary Classification": "Rechercher par classification de cambriolage",
  "Search by features": "Rechercher par fonctionnalités",
  "Search by dimensions": "Rechercher par dimensions",
  "Search by Weight": "Rechercher par poids",
  "Search by other categories": "Rechercher par d'autres catégories",
  "View": "Voir",
  "Total safes found": "Nombre total de coffres-forts trouvés",
  "Safes List": "Liste des coffres-forts",
  "allProductsTitle": "Tous les produits de la famille {{seriesName}} :",
  "descriptionTitle": "Description",
  "fireResistanceTitle": "Résistance au feu",
  "burglaryResistanceTitle": "Résistance à l'effraction",
  "modelSpecificsTitle": "Spécificités du modèle",
  "innerSizeTitle": "Dimensions intérieures (HxLxP)",
  "outerSizeTitle": "Dimensions extérieures (HxLxP)",
  "searchMatchTitle": "Résultat de recherche",
  "modelTitle": "Modèle",
  "weightTitle": "Poids (kg)",
  "capacityTitle": "Capacité (litres)",
  "First time protection": "Première protection",
  "30 Minutes": "30 minutes",
  "60 Minutes": "60 minutes",
  "90 Minutes": "90 minutes",
  "120 Minutes": "120 minutes",
  "Security grade 0": "Niveau de sécurité 0",
  "Security grade 1": "Niveau de sécurité 1",
  "Security grade 2": "Niveau de sécurité 2",
  "Security grade 3": "Niveau de sécurité 3",
  "Security grade 4": "Niveau de sécurité 4",
  "Security grade 5": "Niveau de sécurité 5",
  "Security grade 6": "Niveau de sécurité 6",
  "Security Level 1": "Niveau de sécurité 1",
  "Security Level 2": "Niveau de sécurité 2",
  "Documents": "Documents",
  "Data": "Données",
  "Money": "Argent",
  "Jewelry": "Bijoux",
  "Guns": "Armes à feu",
  "Keys": "Clés",
  "safesGuide": "Guide des Coffres",
  "settings": {
    "title": "Paramètres",
    "language": "Langue",
    "store": "Magasin"
  },
  "drawer": {
    "safesGuide": "Guide des Coffres",
    "settings": "Paramètres",
    "bugsOrSuggestions": "Bugs ou Suggestions",
    "disclaimer": "Avertissement",
    "contact": "Contact"
  },
  "emptyFieldFire": "Cet article n'est pas classifié comme résistant au feu",
  "emptyFieldBurglary": "Cet article n'est pas classifié comme résistant à l'effraction",
  "memberOf": "De Raat Security Products est membre de:",
  "safeslist": "Liste des coffres",
  "noSafesFound": "Aucun coffre-fort trouvé",
  "view": "voir",
  "safes": "coffres-forts",
  "view1safe": "Voir 1 coffre-fort",
  "followuson": "SUIVEZ-NOUS SUR:",
  "footer_1": {
    "large": "Grande",
    "supply": "Approvisionnement",
    "customizable": "Personnalisable",
    "security": "Sécurité",
    "inyoursafety": "Pour votre sécurité",
    "businessandconsumer": "Entreprise & Consommateur",
    "solutions": "Solutions"
  },
  "bugAndSuggestions": "Bugs & Suggestions",
  "companyNameLabel": "Nom de l'entreprise",
  "cityLabel": "Ville",
  "contactPersonLabel": "Personne de contact",
  "phoneNumberLabel": "Numéro de téléphone",
  "emailLabel": "Adresse électronique",
  "remarksLabel": "Remarques/Questions",
  "companyNamePlaceholder": "Entrez le nom de votre entreprise",
  "cityPlaceholder": "Entrez votre ville",
  "contactPersonPlaceholder": "Entrez votre personne de contact",
  "phoneNumberPlaceholder": "Entrez votre numéro de téléphone",
  "emailPlaceholder": "Entrez votre adresse électronique",
  "remarksPlaceholder": "Entrez vos remarques ou questions",
  "submitButton": "Soumettre",
  "formSubmittedSuccess": "Formulaire soumis avec succès !",
  "formSubmittedErrorMessage": "Échec de la soumission du formulaire. Veuillez vérifier votre connexion Internet."
}
