{
  "lang": "Nl",
  "shelves": "Planken",
  "drawers": "Lades",
  "hooks": "Haken",
  "gunHolders": "Wapensteunen",
  "innerHeight": "Binnenhoogte",
  "outerHeight": "Buitenhoogte",
  "innerWidth": "Binnenbreedte",
  "outerWidth": "Buitenbreedte",
  "innerDepth": "Binnendiepte",
  "outerDepth": "Buitendiepte",
  "counting": "Aan het tellen",
  "Clear": "Wissen",
  "Search by Fire resistance": "Zoeken op brandweerstand",
  "Search by Burglary Classification": "Zoeken op inbraakwerendheidsklasse",
  "Search by features": "Zoeken op functies",
  "Search by dimensions": "Zoeken op afmetingen",
  "Search by Weight": "Zoeken op gewicht",
  "Search by other categories": "Zoeken op andere categorieën",
  "View": "Bekijken",
  "Total safes found": "Totaal aantal kluizen gevonden",
  "Safes List": "Kluizenlijst",
  "allProductsTitle": "Alle producten in de {{seriesName}}-familie:",
  "descriptionTitle": "Beschrijving",
  "fireResistanceTitle": "Brandweerstand",
  "burglaryResistanceTitle": "Inbraakweerstand",
  "modelSpecificsTitle": "Modelspecificaties",
  "innerSizeTitle": "Binnenmaat (HxBxD)",
  "outerSizeTitle": "Buitenmaat (HxBxD)",
  "searchMatchTitle": "Zoekresultaat",
  "modelTitle": "Model",
  "weightTitle": "Gewicht (kg)",
  "capacityTitle": "Inhoud (liter)",
  "First time protection": "Eerste keer bescherming",
  "30 Minutes": "30 Minuten",
  "60 Minutes": "60 Minuten",
  "90 Minutes": "90 Minuten",
  "120 Minutes": "120 Minuten",
  "Security grade 0": "Veiligheidsklasse 0",
  "Security grade 1": "Veiligheidsklasse 1",
  "Security grade 2": "Veiligheidsklasse 2",
  "Security grade 3": "Veiligheidsklasse 3",
  "Security grade 4": "Veiligheidsklasse 4",
  "Security grade 5": "Veiligheidsklasse 5",
  "Security grade 6": "Veiligheidsklasse 6",
  "Security Level 1": "Beveiligingsniveau 1",
  "Security Level 2": "Beveiligingsniveau 2",
  "Documents": "Documenten",
  "Data": "Data",
  "Money": "Geld",
  "Jewelry": "Sieraden",
  "Guns": "Vuurwapens",
  "Keys": "Sleutels",
  "safesGuide": "Kluizenwijzer",
  "settings": {
    "title": "Instellingen",
    "language": "Taal",
    "store": "Winkel"
  },
  "drawer": {
    "safesGuide": "Kluizenwijzer",
    "settings": "Instellingen",
    "bugsOrSuggestions": "Bugs of Suggesties",
    "disclaimer": "Disclaimer",
    "contact": "Contact"
  },
  "emptyFieldFire": "Dit item is niet geclassificeerd als brandwerend",
  "emptyFieldBurglary": "Dit item is niet geclassificeerd als inbraakwerend",
  "memberOf": "De Raat Security Products is lid van:",
  "safeslist": "Kluizenlijst",
  "noSafesFound": "Geen kluizen gevonden",
  "view": "bekijk",
  "safes": "kluizen",
  "view1safe": "Bekijk 1 kluis",
  "followuson": "VOLG ONS OP:",
  "footer_1": {
    "large": "Grote",
    "supply": "voorraad",
    "customizable": "Maatwerk",
    "security": "Zekerheid",
    "inyoursafety": "In uw veiligheid",
    "businessandconsumer": "Zakelijk & privé",
    "solutions": "oplossingen"
  },
  "bugAndSuggestions": "Bugs & Suggesties",
  "companyNameLabel": "Bedrijfsnaam",
  "cityLabel": "Stad",
  "contactPersonLabel": "Contactpersoon",
  "phoneNumberLabel": "Telefoonnummer",
  "emailLabel": "E-mailadres",
  "remarksLabel": "Opmerkingen/Vragen",
  "companyNamePlaceholder": "Vul uw bedrijfsnaam in",
  "cityPlaceholder": "Vul uw stad in",
  "contactPersonPlaceholder": "Vul uw contactpersoon in",
  "phoneNumberPlaceholder": "Vul uw telefoonnummer in",
  "emailPlaceholder": "Vul uw e-mailadres in",
  "remarksPlaceholder": "Vul uw opmerkingen of vragen in",
  "submitButton": "Versturen",
  "formSubmittedSuccess": "Formulier succesvol ingediend!",
  "formSubmittedErrorMessage": "Formulier versturen mislukt. Controleer uw internetverbinding.",
  "safesList": "Kluizenlijst",
  "detailedProduct": "Beschrijving"
}
