{
  "lang": "En",
  "shelves": "Shelves",
  "drawers": "Drawers",
  "hooks": "Hooks",
  "gunHolders": "Gun holders",
  "innerHeight": "Inner Height",
  "outerHeight": "Outer Height",
  "innerWidth": "Inner Width",
  "outerWidth": "Outer Width",
  "innerDepth": "Inner Depth",
  "outerDepth": "Outer Depth",
  "counting": "Counting",
  "Clear": "Clear",
  "Search by Fire resistance": "Search by Fire resistance",
  "Search by Burglary Classification": "Search by Burglary Classification",
  "Search by features": "Search by features",
  "Search by dimensions": "Search by dimensions",
  "Search by Weight": "Search by Weight",
  "Search by other categories": "Search by other categories",
  "View": "View",
  "Total safes found": "Total safes found",
  "Safes List": "Safes list",
  "allProductsTitle": "All products in the {{seriesName}} family:",
  "descriptionTitle": "Description",
  "fireResistanceTitle": "Fire Resistance",
  "burglaryResistanceTitle": "Burglary Resistance",
  "modelSpecificsTitle": "Model Specifics",
  "innerSizeTitle": "Inner Size (HxWxD)",
  "outerSizeTitle": "Outer Size (HxWxD)",
  "searchMatchTitle": "Search match",
  "modelTitle": "Model",
  "weightTitle": "Weight (kg)",
  "capacityTitle": "Capacity (Liters)",
  "First time protection": "First time protection",
  "30 Minutes": "30 Minutes",
  "60 Minutes": "60 Minutes",
  "90 Minutes": "90 Minutes",
  "120 Minutes": "120 Minutes",
  "Security grade 0": "Security grade 0",
  "Security grade 1": "Security grade 1",
  "Security grade 2": "Security grade 2",
  "Security grade 3": "Security grade 3",
  "Security grade 4": "Security grade 4",
  "Security grade 5": "Security grade 5",
  "Security grade 6": "Security grade 6",
  "Security Level 1": "Security Level 1",
  "Security Level 2": "Security Level 2",
  "Documents": "Documents",
  "Data": "Data",
  "Money": "Money",
  "Jewelry": "Jewelry",
  "Guns": "Guns",
  "Keys": "Keys",
  "safesGuide": "Safes Guide",
  "settings": {
    "title": "Settings",
    "language": "Language",
    "store": "Store"
  },
  "drawer": {
    "safesGuide": "Safes Guide",
    "settings": "Settings",
    "bugsOrSuggestions": "Bugs or Suggestions",
    "disclaimer": "Disclaimer",
    "contact": "Contact"
  },
  "emptyFieldFire": "This item is not classified as fire resistant",
  "emptyFieldBurglary": "This item is not classified as burglary resistant",
  "memberOf": "De Raat Security Products is a member of:",
  "safeslist": "Safes list",
  "noSafesFound": "No safes found",
  "view": "view",
  "safes": "safes",
  "view1safe": "View 1 safe",
  "followuson": "FOLLOW US ON:",
  "footer_1": {
    "large": "Large",
    "supply": "Supply",
    "customizable": "Customizable",
    "security": "Security",
    "inyoursafety": "In Your Safety",
    "businessandconsumer": "Business & Consumer",
    "solutions": "Solutions"
  },
  "bugAndSuggestions": "Bugs & Suggestions",
  "companyNameLabel": "Company Name",
  "cityLabel": "City",
  "contactPersonLabel": "Contact Person",
  "phoneNumberLabel": "Phone Number",
  "emailLabel": "Email Address",
  "remarksLabel": "Remarks/Questions",
  "companyNamePlaceholder": "Enter your company name",
  "cityPlaceholder": "Enter your city",
  "contactPersonPlaceholder": "Enter your contact person",
  "phoneNumberPlaceholder": "Enter your phone number",
  "emailPlaceholder": "Enter your email address",
  "remarksPlaceholder": "Enter your remarks or questions",
  "submitButton": "Submit",
  "formSubmittedSuccess": "Form submitted successfully!",
  "formSubmittedErrorMessage": "Failed to submit form. Please check your internet connection.",
  "safesList": "Safes List",
  "detailedProduct": "Detailed Products"
}
